id_contribuicao;mensagem
pro_04058;"Mais de um resumo: 2. ['Aumento real a todos trabalhadores dos serviços públicos municipais, principalmente da saúde e da educação;\n\nConvocação dos aprovados em concursos públicos'
 'Aumento real a todos trabalhadores dos serviços públicos municipais, principalmente da saúde e da educação;\nConvocação dos aprovados em concursos públicos']"
pro_04301;Mais de um municipe: 2. ['Bruno Alves Sema' 'Marcia Cristina De Souza']
pro_04306;Mais de um municipe: 2. ['Bruno Alves Sema' 'Marcia Cristina De Souza']
pro_04359;Mais de um orgao: 2. ['SMT' 'SMTUR']
pro_04513;Mais de um tema: 2. ['Drenagem' 'Recapeamento e pavimentação']
rev_21272;"Mais de um conteudo: 2. ['Vincular os objetivos aos ODS para garantir alinhamento com as diretrizes globais de sustentabilidade.\n\n\n\nRegionalizar as metas, especificando aquelas sob responsabilidade das secretarias e subprefeituras.\n\n\n\nDefinir metas de plantio em equipamentos públicos e estabelecer objetivos específicos para cada secretaria.\n\n\n\nAmpliar a meta de plantio para 200 mil árvores (50 mil por ano), considerando que no PdM 21-24 a meta era de 180 mil árvores—um crescimento ainda pouco expressivo.\n\n\n\nIncluir o plantio em corredores verdes e ecológicos, promovendo a conexão entre parques urbanos.\n\n\n\nPriorizar o plantio compensatório na região impactada, garantindo que áreas afetadas recebam benefícios ambientais diretos.\n\n\n\nImplementar bosques urbanos como alternativa para cumprimento de Termos de Compromisso Ambiental (TCA).\n\n\n\nNormatizar a manutenção das árvores em calçadas por meio do Manual de Arborização, assegurando manejo adequado conforme o novo padrão de calçadas. Reforçar a fiscalização e incluir uma opção no Menu do Portal 156 para facilitar a comunicação.\n\n\n\nTransformar rotatórias em Jardins de Chuva, favorecendo a drenagem e permeabilização  do solo. \n\n\n\nRealizar revitalização nas áreas localizadas em linhas de transmissão de energia e gás, em parceria com SVMA, Concessionárias, SMDET. Criar hortas comunitárias, estudo de viabilidade para a arborização, pátio de compostagem e utilizar o Programa Operação Trabalho – POT. \n\n\n\nCriar programas de incentivo ao plantio particular, permitindo que moradores e condomínios solicitem mudas diretamente nos Viveiros da Prefeitura de São Paulo'
 'Vincular os objetivos aos ODS para garantir alinhamento com as diretrizes globais de sustentabilidade.\n\n\n\n\n\n\n\n\n\nRegionalizar as metas, especificando aquelas sob responsabilidade das secretarias e subprefeituras.\n\n\n\n\n\n\n\n\n\nDefinir metas de plantio em equipamentos públicos e estabelecer objetivos específicos para cada secretaria.\n\n\n\n\n\n\n\n\n\nAmpliar a meta de plantio para 200 mil árvores (50 mil por ano), considerando que no PdM 21-24 a meta era de 180 mil árvores—um crescimento ainda pouco expressivo.\n\n\n\n\n\n\n\n\n\nIncluir o plantio em corredores verdes e ecológicos, promovendo a conexão entre parques urbanos.\n\n\n\n\n\n\n\n\n\nPriorizar o plantio compensatório na região impactada, garantindo que áreas afetadas recebam benefícios ambientais diretos.\n\n\n\n\n\n\n\n\n\nImplementar bosques urbanos como alternativa para cumprimento de Termos de Compromisso Ambiental (TCA).\n\n\n\n\n\n\n\n\n\nNormatizar a manutenção das árvores em calçadas por meio do Manual de Arborização, assegurando manejo adequado conforme o novo padrão de calçadas. Reforçar a fiscalização e incluir uma opção no Menu do Portal 156 para facilitar a comunicação.\n\n\n\n\n\n\n\n\n\nTransformar rotatórias em Jardins de Chuva, favorecendo a drenagem e permeabilização  do solo. \n\n\n\n\n\n\n\n\n\nRealizar revitalização nas áreas localizadas em linhas de transmissão de energia e gás, em parceria com SVMA, Concessionárias, SMDET. Criar hortas comunitárias, estudo de viabilidade para a arborização, pátio de compostagem e utilizar o Programa Operação Trabalho – POT. \n\n\n\n\n\n\n\n\n\nCriar programas de incentivo ao plantio particular, permitindo que moradores e condomínios solicitem mudas diretamente nos Viveiros da Prefeitura de São Paulo']"
rev_21273;"Mais de um conteudo: 4. ['1 - AUMENTAR A META PARA  30% DE TRATAMENTO DE MATERIAIS RECICLÁVEIS \n\n\n\n2 – INSTALAR MAIS COLETORES DE VIDRO EM VIAS PÚBLICAS E EM ESTABELECIMENTOS COMERCIAIS (SUPERMERCADOS) e SHOPPINGS.  \n\n\n\n3- IMPLANTAR 1 COOPERATIVA DE RECICLAGEM POR DISTRITO.\n\n\n\n4 – AUMENTAR O NÚMERO DE ECOPONTOS, PRINCIPALMENTE NAS REGIÕES MAIS ADENSADAS E PERIFÉRICAS, ONDE O DESCARTE IRREGULAR DE RESÍDUOS É MAIOR.\n\n\n\n5 – AMPLIAR O SMART SAMPA EM ÁREAS COM MAIOR INCIDÊNCIA DE PONTOS DE DESCARTE IRREGULAR.  \n\n\n\n6 – VINCULAR A META 4 ÀS AÇÕES DO PMEA, PANCLIMA E PGIRS (que precisa ser revisado).'
 '1 - AUMENTAR A META PARA  30% DE TRATAMENTO DE MATERIAIS RECICLÁVEIS \n\n2 – INSTALAR MAIS COLETORES DE VIDRO EM VIAS PÚBLICAS E EM ESTABELECIMENTOS COMERCIAIS (SUPERMERCADOS) e SHOPPINGS.  \n\n3- IMPLANTAR 1 COOPERATIVA DE RECICLAGEM POR DISTRITO.\n\n4 – AUMENTAR O NÚMERO DE ECOPONTOS, PRINCIPALMENTE NAS REGIÕES MAIS ADENSADAS E PERIFÉRICAS, ONDE O DESCARTE IRREGULAR DE RESÍDUOS É MAIOR.\n\n5 – AMPLIAR O SMART SAMPA EM ÁREAS COM MAIOR INCIDÊNCIA DE PONTOS DE DESCARTE IRREGULAR.  \n\n6 – VINCULAR A META 4 ÀS AÇÕES DO PMEA, PANCLIMA E PGIRS (que precisa ser revisado).'
 '1 - AUMENTAR A META PARA  30% DE TRATAMENTO DE MATERIAIS RECICLÁVEIS \n2 – INSTALAR MAIS COLETORES DE VIDRO EM VIAS PÚBLICAS E EM ESTABELECIMENTOS COMERCIAIS (SUPERMERCADOS) e SHOPPINGS.  \n3- IMPLANTAR 1 COOPERATIVA DE RECICLAGEM POR DISTRITO.\n4 – AUMENTAR O NÚMERO DE ECOPONTOS, PRINCIPALMENTE NAS REGIÕES MAIS ADENSADAS E PERIFÉRICAS, ONDE O DESCARTE IRREGULAR DE RESÍDUOS É MAIOR.\n5 – AMPLIAR O SMART SAMPA EM ÁREAS COM MAIOR INCIDÊNCIA DE PONTOS DE DESCARTE IRREGULAR.  \n6 – VINCULAR A META 4 ÀS AÇÕES DO PMEA, PANCLIMA E PGIRS (que precisa ser revisado).'
 '1 - AUMENTAR A META PARA  30% DE TRATAMENTO DE MATERIAIS RECICLÁVEIS \n\n\n\n\n\n2 – INSTALAR MAIS COLETORES DE VIDRO EM VIAS PÚBLICAS E EM ESTABELECIMENTOS COMERCIAIS (SUPERMERCADOS) e SHOPPINGS.  \n\n\n\n\n\n3- IMPLANTAR 1 COOPERATIVA DE RECICLAGEM POR DISTRITO.\n\n\n\n\n\n4 – AUMENTAR O NÚMERO DE ECOPONTOS, PRINCIPALMENTE NAS REGIÕES MAIS ADENSADAS E PERIFÉRICAS, ONDE O DESCARTE IRREGULAR DE RESÍDUOS É MAIOR.\n\n\n\n\n\n5 – AMPLIAR O SMART SAMPA EM ÁREAS COM MAIOR INCIDÊNCIA DE PONTOS DE DESCARTE IRREGULAR.  \n\n\n\n\n\n6 – VINCULAR A META 4 ÀS AÇÕES DO PMEA, PANCLIMA E PGIRS (que precisa ser revisado).']"
fal_00003;Mais de um municipe: 2. ['Adriano Santos' 'João Porcino']
fal_00035;Mais de um municipe: 2. ['Pedro Guedes' 'Paulo Cesar']
fal_00122;Mais de um orgao: 2. ['SMT' 'SMTUR']
fal_00186;Mais de um municipe: 2. ['Valdeir' 'Ricardo da Ponte']
fal_00200;Mais de um municipe: 2. ['César Augusto Vieira Leonardo' 'césar augusto vieira leonardo']
fal_00381;Mais de um municipe: 2. ['danilo clark' 'Danilo Clark']
fal_00423;Mais de um tema: 2. ['Assistência social' 'Segurança']
